flow,avg_pkt_size,std_dev,max_pkt_size,min_pkt_size,pkt_count,avg_iat,iat_std,duration,pkt_rate,size_iqr,burstiness,label
yt.csv_0.0,963.9549870466321,542.607835669935,1296,67,9264,0.001079551020187844,0.021787533692517465,9.9998811,926.4110150269687,1220.0,857350.5533000382,video
yt.csv_5.0,972.937582050364,538.2071389047499,1296,67,8379,0.0011761139054666985,0.028346558608332326,9.8534823,850.3592684182322,1218.0,722410.3499831518,video
yt.csv_10.0,986.8184955141477,529.932754819001,1296,67,1449,0.005999763950276243,0.11208127147661084,8.6876582,166.78832967899223,1132.0,27794.51600846825,video
yt.csv_15.0,934.2949886104784,552.9813779239005,1296,65,878,0.010068365792474342,0.15994049232201824,8.829956799999998,99.43423505763926,1220.0,9874.925303831405,video
yt.csv_20.0,948.7318794098782,547.9515851044515,1296,65,1559,0.004521306803594352,0.09347329141758648,7.0441959999999995,221.31695370202647,1220.0,48938.95158243635,video
yt.csv_25.0,985.7330895795246,529.885915376092,1296,67,1094,0.005854328179322964,0.11738666485025522,6.3987807,170.97007247021295,1122.75,29199.058914231817,video
yt.csv_30.0,1039.9203980099503,494.3425404147226,1296,68,402,0.002678371820448883,0.03561356151179047,1.0740271000000021,374.292231546112,0.0,139694.02405799943,video
yt.csv_35.0,1058.7018255578093,480.86349154064567,1296,68,493,0.0022693906504064956,0.030862112981124665,1.1165401999999958,441.5425436540501,0.0,194478.66541160896,video
yt.csv_40.0,1045.5262543757292,490.43083250456175,1296,68,857,0.00752464357476635,0.1272401282868138,6.441094899999996,133.05191327021134,0.0,17679.805314769008,video
yt.csv_45.0,1004.5904317386231,518.9514356583792,1296,68,857,0.009148855023364487,0.19173078741663138,7.8314199,109.43098581650564,4.0,11959.860078336724,video
yt.csv_50.0,972.6541501976285,537.2493575894405,1296,69,506,0.0043327718811881225,0.08006950215071819,2.1880498000000017,231.25616245114696,1217.0,53361.40636635149,video
yt.csv_55.0,904.568992248062,567.8061903893613,1296,69,645,0.008377879503105593,0.17088588133351224,5.395354400000002,119.54729053572454,1221.0,14267.694205581414,video
yt.csv_60.0,922.8424242424243,560.7564163793246,1296,69,1155,0.007455831022530333,0.16421297809375154,8.604029000000004,134.2394359665686,1221.0,18002.20972702383,video
yt.csv_65.0,936.4871794871794,553.4991445545191,1296,69,1209,0.005462113410596021,0.0867396697834597,6.598232999999993,183.2308740840163,1221.0,33539.64311424133,video
yt.csv_70.0,944.4425531914893,549.9144659154894,1296,69,1175,0.0072345888415672925,0.12246821170449285,8.493407300000001,138.34259426131604,1221.0,19119.74233065319,video
yt.csv_75.0,951.9193548387096,548.171452799354,1296,69,1178,0.006538105692438399,0.15585936498039418,7.695350399999995,153.07944911774268,1221.0,23409.84475824555,video
yt.csv_80.0,942.2094017094017,552.6499334621369,1296,69,702,0.0019153711840228277,0.031929454435579534,1.3426752000000022,522.8367962706087,1221.0,272826.47570032586,video
yt.csv_85.0,916.0165289256198,561.5252796859797,1296,69,726,0.01260031337931033,0.20285146522388886,9.135227199999989,79.47257184802157,1221.0,6306.689585111414,video
yt.csv_90.0,934.4566003616636,554.4448941497284,1296,69,1106,0.007807292217194567,0.11666366279319075,8.627057899999997,128.20129560043875,1221.0,16418.608837170294,video
yt.csv_95.0,1014.2051030421983,512.79028305377,1296,69,1019,0.007641807367387036,0.15803114021619008,7.779359900000003,130.98764076977588,0.0,17138.68143906375,video
yt.csv_100.0,1025.2248413417951,506.1874757960386,1296,70,1103,0.004916715607985479,0.13220957217822868,5.418220599999998,203.57236838972565,0.0,41395.717975061634,video
yt.csv_105.0,957.806640625,542.3436996650587,1296,67,512,0.004774593346379634,0.07613472579279494,2.439817199999993,209.85178725684918,1216.25,43942.557926532274,video
yt.csv_110.0,904.4853620955316,565.9170424511314,1296,67,649,0.012178768518518514,0.22101593994807847,7.891841999999997,82.23682126428788,1222.0,6751.919885772243,video
yt.csv_115.0,919.5261845386534,560.6610683366631,1296,67,1203,0.007108808818635607,0.10928450516422494,8.5447882,140.7875738804152,1221.0,19801.878991653783,video
yt.csv_120.0,931.583962264151,555.4898590440789,1296,67,1060,0.00792996742209633,0.14681117618797407,8.397835500000014,126.22300115309454,1221.0,15915.20862907933,video
yt.csv_125.0,999.5386904761905,522.6531662258539,1296,71,1008,0.005808867825223429,0.15894352723817812,5.849529899999993,172.32153988989802,4.0,29660.14805737359,video
yt.csv_130.0,1028.9248,502.9410226065407,1296,69,625,0.004361090224358978,0.08652271849387451,2.721320300000002,229.6679299382728,0.0,52650.88939604021,video
yt.csv_135.0,951.6853377265239,547.8856231537218,1296,69,1214,0.007883849793899429,0.14721013991096032,9.563109800000007,126.94615301813215,1221.0,16100.00904726827,video
yt.csv_140.0,939.4778453518679,553.3315062537941,1296,69,1151,0.006428263913043481,0.11424073448162615,7.392503500000004,155.69826919933138,1221.0,24217.122100627384,video
yt.csv_145.0,888.1042944785277,570.1760674901379,1296,63,652,0.011137598003072206,0.13924727860701977,7.250576300000006,89.92388646403175,1220.0,8073.178189860994,video
yt.csv_150.0,926.2683790965456,557.754300428419,1296,63,1129,0.007638584397163105,0.1678088064538182,8.616323199999982,131.03036803447696,1220.0,17151.504744568825,video
yt.csv_155.0,936.1156222418358,554.7392997465492,1296,67,1133,0.004715594169611305,0.11694024478525897,5.3380525999999975,212.24968821026616,1219.0,45000.62557380417,video
yt.csv_160.0,930.9898063200816,556.8692184225979,1296,66,981,0.005733810714285715,0.1017958160918276,5.619134500000001,174.58204639878255,1219.0,30442.512420486604,video
yt.csv_165.0,930.8222222222222,555.8821357162133,1296,66,360,0.010150639554317543,0.12399469868578415,3.6440795999999978,98.79037768549298,1219.0,9731.470188328047,video
yt.csv_170.0,921.1085271317829,559.3640971429224,1296,66,645,0.01356451086956522,0.259797270449493,8.735545000000002,73.836263221127,1220.0,5442.940109744166,video
yt.csv_175.0,941.23904688701,552.2411155787897,1296,66,1301,0.0044669063076923105,0.09550253093561219,5.806978200000003,224.04079285160728,1219.0,50144.46978574292,video
yt.csv_180.0,952.9506493506493,547.5217683500529,1296,71,1155,0.004918649480069318,0.1428970868879555,5.676121499999994,203.48401633051748,1219.0,41361.48665771415,video
yt.csv_185.0,943.6596119929453,551.4875099391769,1296,63,1134,0.006038616681376876,0.1260639263424413,6.841752700000001,165.74700222649088,1219.0,27443.298303611027,video
yt.csv_190.0,936.4112903225806,554.2871285020851,1296,63,1116,0.00722370896860985,0.13985497227304872,8.054435499999983,138.5571962181586,1219.0,19178.23912633248,video
yt.csv_195.0,925.4573804573805,557.6780683040085,1296,69,481,0.011163795416666625,0.16659491999888767,5.35862179999998,89.76188616259535,1219.0,8039.725119244036,video
yt.csv_200.0,924.1116279069768,557.4864535618373,1296,69,645,0.011936550776397502,0.23746087016640213,7.687138699999991,83.90638248793412,1219.0,7028.777012938937,video
yt.csv_205.0,939.1648351648352,552.1770134602313,1296,69,1183,0.005858721150592213,0.12600753113148652,6.925008399999996,170.83011769343136,1219.0,29153.284482857413,video
yt.csv_210.0,946.822347266881,550.0418588172387,1296,69,1244,0.005397059131134343,0.14738218319724863,6.708544499999988,185.43515661258596,1219.0,34352.19068702917,video
yt.csv_215.0,961.5417867435159,543.2999762104081,1296,70,1388,0.004371247368421042,0.13604400212038364,6.062920099999985,228.93258975984253,1219.0,52360.39282985889,video
yt.csv_220.0,960.6127659574468,543.1475314250351,1296,69,1175,0.003906993015332196,0.09388624467891252,4.5868097999999975,256.1693314599617,1218.0,65550.09961761312,video
yt.csv_225.0,910.0752895752896,561.4392841222625,1296,69,518,0.010919037911025118,0.16025617648809262,5.645142599999986,91.76030380525752,1219.0,8402.929051428864,video
yt.csv_230.0,916.1511627906976,559.688912946158,1296,69,602,0.014178678202995012,0.25143704957398283,8.521385600000002,70.64578793383083,1219.0,4982.185556150995,video
yt.csv_235.0,930.0388655462185,556.5343353436311,1296,69,952,0.0069376391167192426,0.10995357327161724,6.597694799999999,144.29282178981666,1219.0,20795.5507358973,video
yt.csv_240.0,971.2531172069826,536.111716255228,1296,69,802,0.009953933707865193,0.20124021029324682,7.97310090000002,100.58821656201516,1213.0,10104.358252284737,video
yt.csv_245.0,990.6791979949875,526.3693545969683,1296,69,798,0.008163845545796711,0.20780367519287277,6.506584899999979,122.64498385320425,749.0,15021.10274655989,video
yt.csv_250.0,950.2424657534247,548.599616486628,1296,69,730,0.004652644581618647,0.10471582072682396,3.391777899999994,215.22635665501605,1219.0,46248.98891185954,video
yt.csv_255.0,928.4939493949395,557.7055548598199,1296,69,909,0.008119137665198261,0.1298821683909145,7.372177000000022,123.30143456946263,1218.0,15184.64829702516,video
yt.csv_260.0,933.9513513513514,555.4990765619286,1296,69,1295,0.0066780606646058786,0.13618134693168885,8.641410500000006,149.85979430094184,1218.0,22437.256049355685,video
yt.csv_265.0,950.3789682539683,547.5863940377521,1296,69,1512,0.004474914626075445,0.08382895476449875,6.761595999999997,223.6158445432115,1219.0,49959.81005546603,video
yt.csv_270.0,946.2244541484716,548.828927544061,1296,69,1145,0.0070180704545454485,0.1252186632971462,8.028672599999993,142.61386122532895,1219.0,20318.05523949033,video
yt.csv_275.0,917.7477064220184,561.2969876804179,1296,69,654,0.015033556508422719,0.21995382212548817,9.816912400000035,66.61972454801548,1219.0,4431.106731395337,video
yt.csv_280.0,918.5297113752122,561.4122267250804,1296,69,589,0.01271848503401352,0.20855369370993704,7.4784691999999495,78.75943381568035,1219.0,6192.030070798277,video
yt.csv_285.0,940.1966236345581,553.417611530396,1296,69,1007,0.006653931908548691,0.13316973472094829,6.693855499999984,150.43647117868056,1219.0,22605.260766896077,video
yt.csv_290.0,947.3026409707352,550.1119286629822,1296,69,1401,0.003819217000000005,0.10225099454394487,5.346903800000007,262.020797905509,1219.0,68587.93568677086,video
yt.csv_295.0,945.6848436246993,550.5789256825346,1296,69,1247,0.0062662465489566645,0.18073886451460788,7.807743200000004,159.7132446671657,1219.0,25483.79793575439,video
yt.csv_300.0,942.1751824817518,552.1271354123203,1296,71,822,0.006819775883069442,0.17477305014350808,5.599036000000012,146.8109867484328,1220.0,21524.088940210986,video
yt.csv_305.0,914.3004694835681,560.6515987089616,1296,65,852,0.007875826909518225,0.11472150395314282,6.70232870000001,127.1199963678294,1219.0,16138.477819567133,video
yt.csv_310.0,922.349670811997,559.1083513100568,1296,65,1367,0.006554949780380674,0.12729884735754698,8.9540614,152.66815123693476,1219.0,23286.961668591368,video
yt.csv_315.0,932.3558897243108,556.6348894560482,1296,69,798,0.007812162860727667,0.15008732180638093,6.226293799999951,128.16613311758695,1219.0,16403.8732331826,video
yt.csv_320.0,942.8919213973799,551.4710405133064,1296,69,916,0.008321132786885236,0.17541107322424335,7.613836499999991,120.30728529565891,1218.0,14456.30445662318,video
yt.csv_325.0,946.6551918735892,550.2926239277734,1296,67,1772,0.00427414037267082,0.11201063698301282,7.569502600000021,234.09728401440736,1218.0,54757.80058846562,video
yt.csv_330.0,940.5013661202186,553.0547159143704,1296,67,1464,0.003655625427204345,0.08109368916733589,5.348179999999957,273.73798189290784,1220.0,74860.82108830952,video
yt.csv_335.0,944.5827178729689,551.2359661198849,1296,69,1354,0.006299324538063581,0.16537582349651994,8.522986100000026,158.86450876647515,1219.0,25215.289753200956,video
yt.csv_340.0,940.6215071972904,552.8986803109506,1296,69,1181,0.004326291525423693,0.09699591736273558,5.105023999999958,231.34073414738302,1219.0,53460.861785763795,video
yt.csv_345.0,886.0817204301076,570.4408059868831,1296,68,465,0.010252169827586205,0.1513644813403494,4.757006799999999,97.7505434720001,1219.0,9533.690079823098,video
yt.csv_350.0,894.4467680608365,567.8898149490515,1296,68,526,0.016347598666666706,0.26432824181677367,8.58248930000002,61.28758004976467,1220.0,3748.797147655501,video
yt.csv_355.0,927.292385786802,558.1580313861908,1296,69,985,0.006769910264227673,0.12313882018790756,6.661591700000031,147.86255963420805,1219.0,21837.9145290702,video
yt.csv_360.0,961.3815461346634,541.6335872894178,1296,69,802,0.00942332172284646,0.19451326500893026,7.548080700000014,106.25217613266886,1215.0,11274.25179841772,video
yt.csv_365.0,972.0045871559633,537.0414958745912,1296,69,872,0.007473230539609598,0.1728520806029628,6.50918379999996,133.96456864530472,1215.0,17923.526433304545,video
yt.csv_370.0,939.2994011976048,553.2147077972342,1296,69,668,0.003734379760119892,0.0779411539501949,2.490831299999968,268.183557834691,1219.0,71795.52684251929,video
yt.csv_375.0,924.5111111111111,557.7876670463119,1296,69,540,0.011811705565862743,0.16553347849206834,6.366509300000018,84.81885041776323,1219.0,7180.306826818677,video
yt.csv_380.0,937.6001734605377,553.6592466076373,1296,69,1153,0.007430344791666698,0.16483675859757377,8.559757200000035,134.7000823808408,1219.0,18125.936308578996,video
yt.csv_385.0,938.0660247592847,553.2634841605335,1296,67,1454,0.004759420509291118,0.08848565310027111,6.915437999999995,210.2542167249567,1220.0,44167.152106540685,video
yt.csv_390.0,932.3065637065637,555.4860420260685,1296,67,1295,0.006041825965996885,0.1253501102719784,7.818122799999969,165.64078527904488,1220.0,27411.146078194084,video
yt.csv_395.0,931.2559899117276,556.5387158273061,1296,69,793,0.009651472095959611,0.2288513262728681,7.643965900000012,103.74195939309446,1220.0,10747.708810939675,video
yt.csv_400.0,942.7575516693164,551.7733204663017,1296,69,1258,0.0036258128878281968,0.07309234445758853,4.557646800000043,276.0196336407613,1219.0,76105.28642574858,video
yt.csv_405.0,934.9078564500485,554.9284028395214,1296,69,1031,0.0050029892233009405,0.0839856366542486,5.153078899999969,200.07456124919923,1219.0,39983.012017203684,video
yt.csv_410.0,923.747198007472,559.7011400613985,1296,69,803,0.009176352119700745,0.22775047501534088,7.359434399999998,109.11164586235054,1220.0,11889.229533660791,video
yt.csv_415.0,952.8615490061686,547.1419531483513,1296,69,1459,0.00469112373113852,0.14300114842727252,6.839658399999962,213.31474683004754,1219.0,45462.30215849142,video
yt.csv_420.0,945.1276771004942,550.3639260718564,1296,69,1214,0.005479739241549878,0.10791023116985515,6.646923700000002,182.64088092360674,1219.0,33324.13254383516,video
yt.csv_425.0,891.9681978798586,569.8272699431872,1296,67,566,0.010422728495575182,0.15098579753621652,5.888841599999978,96.11397936055916,1220.0,9220.690984167426,video
yt.csv_430.0,515.4545454545455,544.3731849587786,1296,67,22,0.006475080952381653,0.01010031150890031,0.13597670000001472,161.79242473157254,1139.5,24983.076326751525,video
hotstar.csv_0.0,867.3101104502973,630.2738968784988,1514,63,5885,0.0016973744731475185,0.012889503627033042,9.9873514,589.2453128263816,1412.0,346946.63758950675,video
hotstar.csv_5.0,961.2914352528501,630.4520028883483,1514,63,6842,0.0013538271159187253,0.01720909285180384,9.2615313,738.7547240703058,1406.0,545276.0100460101,video
hotstar.csv_10.0,1153.3475266123983,594.0132000058242,1514,66,1597,0.00612314530075188,0.0958586427475755,9.7725399,163.41708668797557,497.0,26684.06425104126,video
hotstar.csv_15.0,1175.3898305084747,577.0509738030538,1514,66,885,0.010766523642533936,0.16284757759460167,9.517606899999999,92.98555921657156,222.0,8635.7422842574,video
hotstar.csv_20.0,1338.0008723828514,463.4827500865665,1514,66,8024,0.0008452020565873115,0.009625024738950504,6.781056100000001,1183.296507457002,0.0,1398361.653987435,video
hotstar.csv_25.0,1338.2257281553398,465.0543439368235,1514,66,9476,0.0009275684960422166,0.013120210155541124,8.788711500000002,1078.2012812685907,0.0,1161143.5083832212,video
hotstar.csv_30.0,1315.6855464652822,489.0699600843777,1514,66,4767,0.0020493260805707087,0.040150543518199536,9.767088099999999,488.0676769978148,0.0,238043.92951093955,video
hotstar.csv_35.0,1330.574267782427,474.24430819194737,1514,87,3824,0.002372076301334031,0.0658905285213505,9.0684477,421.68187174967113,0.0,177694.19024269114,video
hotstar.csv_40.0,1329.0839905362775,474.9202009622853,1514,66,2536,0.002371715739644969,0.05987312577892855,6.012299399999996,421.80201471669915,0.0,177771.8281498877,video
hotstar.csv_45.0,1307.5796597061099,497.2508507237503,1514,66,2586,0.002342198839458413,0.04839356113820413,6.054583999999998,427.11439795037955,0.0,182278.34136735022,video
hotstar.csv_50.0,1289.9091924078898,514.9208897023689,1514,86,2687,0.0030667318689501116,0.0640885594794066,8.2372418,326.20142339393266,0.0,106333.09471911915,video
hotstar.csv_55.0,1318.6747413575574,485.1704019883895,1514,85,3963,0.0023434518929833417,0.052167050680785754,9.2847564,426.8286457143884,0.0,182059.03349598873,video
hotstar.csv_60.0,1317.778298570424,481.512500274784,1514,85,4267,0.0023184208626347846,0.038376890513604524,9.89038339999999,431.4291799850756,0.0,186007.28610114616,video
hotstar.csv_65.0,1313.452210274791,483.9510093288663,1514,85,3348,0.0025621804899910367,0.037856296220186804,8.5756181,390.40917645341506,0.0,152314.35241409016,video
hotstar.csv_70.0,1331.452374182542,469.44034929384753,1514,64,3517,0.0027642795790671208,0.054491696991479203,9.719206999999997,361.860797902545,0.0,130858.66638649981,video
hotstar.csv_75.0,1337.0375854214124,465.1449693440155,1514,64,3512,0.00245015434349188,0.06508189470826244,8.60249189999999,408.25379911139515,0.0,166555.72922013656,video
hotstar.csv_80.0,1342.619279819955,459.9803358913951,1514,84,2666,0.003230394521575984,0.0941566046569493,8.609001399999997,309.67587018861457,0.0,95833.50721210682,video
hotstar.csv_85.0,1332.510570402872,471.4936186525979,1514,88,2507,0.002094353391859537,0.06766598397061195,5.248449600000001,477.66487078393584,0.0,227963.87122080085,video
hotstar.csv_90.0,1318.7806255430062,484.590721101624,1514,66,2302,0.0026629627987831395,0.06088142418126299,6.127477400000004,375.68478016744683,0.0,141024.78470759964,video
hotstar.csv_95.0,1346.758631816715,453.95725457237637,1514,66,3099,0.0028257141704325383,0.07300089768739847,8.754062500000003,354.00706814693166,0.0,125236.24491285661,video
hotstar.csv_100.0,1345.2722360764756,455.64645661331576,1514,66,2406,0.002663739667359665,0.07501810051571554,6.406293899999994,375.5681580578128,0.0,140939.90593457912,video
hotstar.csv_105.0,393.1818181818182,468.52584337375765,1292,66,33,0.008324021875000032,0.016577142342232856,0.266368700000001,123.88842983428562,295.0,14881.453970267814,video
browsing.csv_0.0,990.9185527099464,540.7557290140523,1498,63,13432,0.000744509001563547,0.001076759379285937,9.9995004,1343.2671096247968,1203.0,1801812.0596901968,browsing
browsing.csv_5.0,993.0395619132767,557.4730228662651,1498,65,13422,0.0007449490574472841,0.0011803191160781423,9.9979613,1342.473690111203,1200.0,1799685.4834903723,browsing
browsing.csv_10.0,1024.4749146757679,569.4743861009281,1498,65,11720,0.0008260954176977557,0.003186280949443538,9.6810122,1210.6172121134193,1400.25,1463697.1577997708,browsing
browsing.csv_15.0,1034.7058280438546,611.5182430123389,1498,65,8665,0.0011485399815327794,0.008293476780645874,9.9509504,870.7710974019125,1405.0,757495.2688821135,browsing
browsing.csv_20.0,1014.5190118397086,644.8448138719677,1498,64,8784,0.0011177423090060344,0.00752612194227842,9.8171307,894.7624584441969,1405.0,799793.1706356612,browsing
browsing.csv_25.0,1027.3146708138931,647.1586967991708,1498,64,5787,0.0010101198928447975,0.0069960562924561345,5.844553699999999,990.1525928318532,1405.0,979263.289980427,browsing
browsing.csv_30.0,1075.0222222222221,637.4261918285808,1498,67,765,0.0011769891361256542,0.0069464580603494745,0.8992196999999997,850.7375894900881,1406.0,722194.7668279187,browsing
zoom_Call.csv_0.0,445.3235294117647,533.7661910446533,1292,71,34,0.2739962575757576,1.3192912276115056,9.0418765,3.7602813973404743,1107.25,13.723792094162816,voip
zoom_Call.csv_5.0,468.71875,541.9248391151673,1292,71,32,0.04713477741935486,0.19139296383980384,1.4611781000000006,21.900136608945882,1177.25,464.6181267809802,voip
zoom_Call.csv_60.0,484.0,520.8822831899512,1292,76,18,0.003341088235294077,0.008218581060004355,0.05679849999999931,316.90977754694615,881.5,94823.88112923673,voip
zoom_Call.csv_65.0,484.0,520.8822831899512,1292,76,18,0.003341088235294077,0.008218581060004355,0.05679849999999931,316.90977754694615,881.5,94823.88112923673,voip
zoom_Call.csv_720.0,760.7368421052631,565.3529409441392,1292,69,114,0.0012298495575218096,0.003711221015244643,0.13897299999996449,820.3032243675327,1159.0,666452.8734276266,voip
zoom_Call.csv_725.0,760.7368421052631,565.3529409441392,1292,69,114,0.0012298495575218096,0.003711221015244643,0.13897299999996449,820.3032243675327,1159.0,666452.8734276266,voip
zoom_Call.csv_765.0,511.6521739130435,556.9270075149927,1292,76,23,0.0037027272727269437,0.007823633476911743,0.08145999999999276,282.3471642524189,1190.0,76233.24922748297,voip
zoom_Call.csv_770.0,437.9428571428571,528.8919017128917,1292,71,35,0.02239356470588117,0.07796962776717563,0.7613811999999598,45.96908880860448,1034.5,2052.68954375042,voip
zoom_Call.csv_775.0,296.6666666666667,459.5005852866652,1278,71,12,0.044665445454546156,0.1259218895105841,0.4913199000000077,24.424005622405712,65.0,546.8088041001668,voip
zoom_Call.csv_785.0,540.5333333333333,540.6613485217069,1296,70,60,0.005177877966102026,0.010978520561361386,0.3054948000000195,196.40268835998575,1215.0,37923.791532746174,voip
zoom_Call.csv_790.0,540.5333333333333,540.6613485217069,1296,70,60,0.005177877966102026,0.010978520561361386,0.3054948000000195,196.40268835998575,1215.0,37923.791532746174,voip
zoom_Call.csv_830.0,401.8421052631579,478.14273358926044,1292,76,19,0.0031159166666662307,0.007484203164553975,0.056086499999992157,338.762447291285,550.5,108685.11529813086,voip
zoom_Call.csv_835.0,401.8421052631579,478.14273358926044,1292,76,19,0.0031159166666662307,0.007484203164553975,0.056086499999992157,338.762447291285,550.5,108685.11529813086,voip
zoom_Call.csv_845.0,513.6666666666666,548.9543907073912,1296,70,27,0.0056691307692325115,0.00801812306155475,0.1473974000000453,183.17826501683,1217.5,32305.827232556818,voip
zoom_Call.csv_850.0,513.6666666666666,548.9543907073912,1296,70,27,0.0056691307692325115,0.00801812306155475,0.1473974000000453,183.17826501683,1217.5,32305.827232556818,voip
zoom_Call.csv_900.0,570.8333333333334,567.0035961210338,1296,68,48,0.012944148936170716,0.0443663204606098,0.6083750000000236,78.89870556810871,1203.25,6094.847263414153,voip
zoom_Call.csv_905.0,488.4406779661017,540.8601154861304,1296,67,59,0.013230201724139017,0.04164366224545068,0.7673517000000629,76.88782079976517,1198.0,5811.098825550438,voip
zoom_Call.csv_910.0,128.9090909090909,104.30863295571902,414,67,11,0.0059924900000055455,0.006757853286765669,0.05992490000005546,183.56309313807483,35.0,30627.079237289956,voip
zoom_Call.csv_930.0,768.3708609271523,581.9347227526931,1494,63,151,0.0009766773333331003,0.003449622992435941,0.14650159999996504,1030.7054666982206,1217.0,1054238.890027589,voip
zoom_Call.csv_935.0,785.3872340425532,613.342752720668,1494,63,235,0.01877479401709409,0.21571850651536162,4.3933018000000175,53.49052050100429,1217.0,2848.908570913421,voip
zoom_Call.csv_940.0,815.9761904761905,668.6506818706129,1494,64,84,0.040620525301204614,0.3495642450422304,3.3715035999999827,24.914699779647403,1418.25,613.337377041048,voip
zoom_Call.csv_960.0,362.17391304347825,443.7384213264216,1292,72,23,0.003785136363634675,0.009639627597992103,0.08327299999996285,276.19996877751805,219.5,72950.34891779948,voip
zoom_Call.csv_965.0,800.1921921921922,585.5727751518982,1296,65,333,0.013011716867469839,0.1543547015789181,4.319889999999987,77.08529615337451,1220.0,5923.843340208077,voip
zoom_Call.csv_970.0,832.6903225806452,582.2877386530272,1296,65,310,0.004722485760517696,0.026694039096545153,1.459248099999968,212.43817278227522,1220.0,44974.8731239939,voip
zoom_Call.csv_1030.0,604.15625,584.7582411602582,1296,70,32,0.0022801548387090614,0.005748126441190869,0.0706847999999809,452.7140205533389,1215.25,198458.26020715732,voip
zoom_Call.csv_1035.0,604.15625,584.7582411602582,1296,70,32,0.0022801548387090614,0.005748126441190869,0.0706847999999809,452.7140205533389,1215.25,198458.26020715732,voip
zoom_Call.csv_1105.0,488.8333333333333,536.8354629546322,1296,71,36,0.010953691428572452,0.02167027554459093,0.3833792000000358,93.90180792279978,1217.0,8571.835047574361,voip
zoom_Call.csv_1110.0,586.780487804878,568.303946502007,1296,71,41,0.13344287250000092,0.47942841314933304,5.337714900000037,7.681189566718843,1217.0,57.56120099646232,voip
whatsapp.csv_5.0,489.1304347826087,536.8047981383436,1292,66,23,0.012060600000000027,0.040482127976205824,0.2653332000000006,86.6834606449549,1043.0,7186.729840564661,chat
whatsapp.csv_10.0,513.5833333333334,535.9447745975697,1296,66,48,0.12941929574468083,0.8161985234018381,6.0827069,7.891223560352711,1082.25,60.97361712045879,chat
whatsapp.csv_15.0,501.6296296296296,538.3297636885169,1296,70,27,0.29681924615384614,1.4615913712839157,7.717300399999999,3.4986327602330993,1069.0,11.787042176427914,chat
whatsapp.csv_20.0,527.7948717948718,542.2905212583876,1296,70,39,0.14538225000000007,0.5427348673276658,5.524525500000003,7.0594298098542545,1194.5,48.55738064635541,chat
whatsapp.csv_25.0,416.7162162162162,494.92607778652973,1296,68,74,0.1088786424657534,0.43475759147649484,7.9481408999999985,9.310353317968987,786.0,85.51050597817155,chat
whatsapp.csv_30.0,280.94594594594594,400.7727914047189,1288,68,37,0.11405767777777776,0.3782305046043565,4.106076399999999,9.011035449803128,141.0,79.00350613707327,chat
whatsapp.csv_45.0,215.9090909090909,366.54671040549647,1272,70,11,0.6219945799999997,1.2737327945865728,6.219945799999998,1.7685041564188555,12.0,2.8432744753891277,chat
whatsapp.csv_50.0,397.44827586206895,501.36368224266226,1296,68,29,0.1313509035714284,0.5012957940776714,3.677825299999995,7.885094487767007,378.0,60.030302366186405,chat
whatsapp.csv_55.0,463.84313725490193,514.2137443728637,1296,68,51,0.11977402400000002,0.8234546502048063,5.988701200000001,8.51603683282779,911.5,71.10027239758924,chat
whatsapp.csv_60.0,472.719512195122,525.9327346181915,1296,68,82,0.10575952839506178,0.5377097074907359,8.566521800000004,9.57214630563363,1158.25,90.50773904870711,chat
whatsapp.csv_65.0,461.6233766233766,526.9216470006922,1296,68,77,0.10497999868421067,0.40498401033528353,7.978479900000011,9.6509612062819,1164.0,91.93055245466456,chat
whatsapp.csv_70.0,405.0238095238095,492.7634611936772,1274,71,42,0.1686498999999999,0.5481910505796903,6.9146458999999965,6.074063749236967,730.0,36.01560234328409,chat
whatsapp.csv_75.0,341.73333333333335,450.50798403375813,1274,70,30,0.2746431034482756,0.7255839531059717,7.964649999999992,3.766643857545533,323.75,13.71463581505552,chat
whatsapp.csv_85.0,401.6842105263158,478.2411122054531,1292,76,19,0.0028490444444449915,0.0069938005105553425,0.05128280000000984,370.4945907789035,550.5,129996.07479842386,chat
whatsapp.csv_90.0,396.30555555555554,481.9577823505436,1292,76,36,0.09455715142857173,0.38739751816919926,3.3095003000000105,10.877775113058574,501.25,115.03794171859985,chat
whatsapp.csv_95.0,374.94444444444446,490.1372523526353,1288,76,18,0.38247921764705867,1.3134936241550603,6.502146699999997,2.7683165007642794,314.25,7.237803088992172,chat
whatsapp.csv_135.0,527.625,557.8428354225391,1292,70,32,0.010001829032257737,0.04406160117827359,0.31005669999998986,103.20692957127211,1170.25,10317.774025572573,chat
whatsapp.csv_140.0,527.625,557.8428354225391,1292,70,32,0.010001829032257737,0.04406160117827359,0.31005669999998986,103.20692957127211,1170.25,10317.774025572573,chat
whatsapp.csv_150.0,425.8666666666667,463.2014333053082,1292,65,30,0.04963766206896515,0.2519923991649383,1.4394921999999895,20.84068256847812,583.75,419.8477900053642,chat
whatsapp.csv_155.0,416.719298245614,473.4988593433977,1292,65,57,0.1365154089285713,0.5040452300414544,7.644862899999993,7.455987209397837,585.0,54.61605141766504,chat
whatsapp.csv_160.0,452.7755102040816,512.3813385110955,1296,71,49,0.206283966666667,0.9972243890154235,9.901630400000016,4.948679966887061,1019.0,23.989532765533827,chat
whatsapp.csv_165.0,474.7307692307692,513.2896693051445,1296,70,26,0.007184839999999895,0.020336704272223144,0.17962099999999737,144.749221972934,851.75,20143.67450053663,chat
whatsapp.csv_200.0,993.0768601798856,647.8932047213054,1498,64,2446,0.0019542499795500994,0.014605107259967168,4.778141199999993,511.91454953235865,1405.0,261815.39694998463,chat
whatsapp.csv_205.0,981.2341463414634,650.9558160383777,1498,64,2665,0.0028745529279279227,0.023610245298749635,7.657808999999986,348.0107691377527,1405.0,121023.94838843173,chat
whatsapp.csv_210.0,848.9634703196347,671.6785071803959,1498,70,219,0.012522445412844028,0.06508422910346899,2.729893099999998,80.2229215495655,1408.0,6405.8187587330385,chat
whatsapp.csv_215.0,484.48936170212767,519.8042638440486,1296,70,47,0.00841756086956519,0.03167243805382134,0.38720779999999877,121.3818523283884,909.0,14418.361310091432,chat
whatsapp.csv_220.0,484.48936170212767,519.8042638440486,1296,70,47,0.00841756086956519,0.03167243805382134,0.38720779999999877,121.3818523283884,909.0,14418.361310091432,chat
whatsapp.csv_255.0,568.3333333333334,558.2695832088938,1292,66,24,0.006160952173912471,0.014233568487818916,0.14170189999998684,169.36964147977005,1211.25,27486.360929060967,chat
whatsapp.csv_260.0,530.1923076923077,552.1657736028751,1292,66,26,0.12069035600000007,0.5670665576246514,3.0172589000000016,8.617092818915866,1217.25,71.39776289294373,chat
whatsapp.csv_265.0,431.60714285714283,502.8569739432736,1292,71,28,0.24282372962962923,1.2026007241830792,6.556240699999989,4.270740090430182,907.0,17.587747742761497,chat
whatsapp.csv_270.0,459.2307692307692,511.8436720478085,1292,76,26,0.010597984000000907,0.03824853211293223,0.26494960000002266,98.13187111812124,960.25,9258.611119529272,chat
whatsapp.csv_305.0,379.3939393939394,491.6844732266021,1292,69,33,0.02618002187499968,0.10043903277046341,0.8377606999999898,39.39072338914967,233.0,1504.552556321874,chat
whatsapp.csv_310.0,339.05263157894734,469.1678053612398,1292,65,38,0.1635647162162163,0.8451119515831672,6.051894500000003,6.279025518372797,103.0,38.38839619711383,chat
whatsapp.csv_330.0,497.2,537.0566125914521,1292,66,40,0.055554748717948035,0.25468094293763044,2.1666351999999733,18.461806583775843,1081.75,332.3113630869222,chat
whatsapp.csv_335.0,497.2,537.0566125914521,1292,66,40,0.055554748717948035,0.25468094293763044,2.1666351999999733,18.461806583775843,1081.75,332.3113630869222,chat
whatsapp.csv_365.0,370.0952380952381,464.46484310030445,1292,66,21,0.04574777999999924,0.18801393419985707,0.9149555999999848,22.95193340529349,233.0,501.6949830201783,chat
whatsapp.csv_370.0,370.0952380952381,464.46484310030445,1292,66,21,0.04574777999999924,0.18801393419985707,0.9149555999999848,22.95193340529349,233.0,501.6949830201783,chat
whatsapp.csv_385.0,400.0,491.78864023751777,1288,69,31,0.08434778666666602,0.25303900984063815,2.5304335999999807,12.250864832019396,664.5,145.24055788061312,chat
whatsapp.csv_390.0,400.0,491.78864023751777,1288,69,31,0.08434778666666602,0.25303900984063815,2.5304335999999807,12.250864832019396,664.5,145.24055788061312,chat
whatsapp.csv_425.0,548.5454545454545,567.3228297731532,1292,66,33,0.1261592468749999,0.6492341298828346,4.037095899999997,8.174192740875942,1198.0,64.79214287663027,chat
whatsapp.csv_430.0,579.516129032258,571.8021727233839,1292,70,31,0.010882199999999405,0.04740311026474337,0.32646599999998216,94.95628947578521,1195.5,8725.033949186858,chat
whatsapp.csv_445.0,400.6842105263158,477.7686623637449,1292,76,19,0.4608083666666655,1.9507395797953349,8.29455059999998,2.2906605693622564,550.5,4.9709505384669095,chat
whatsapp.csv_450.0,416.8888888888889,486.2174397250786,1292,76,18,0.0010149176470590378,0.0022166428674041546,0.017253600000003644,1043.2605369312028,713.75,1026914.4747621221,chat
whatsapp.csv_545.0,411.3243243243243,513.1095320610326,1292,69,37,0.022125602777776976,0.0856008060041287,0.7965216999999711,46.45196734753283,890.0,2099.3718653541887,chat
whatsapp.csv_550.0,411.3243243243243,513.1095320610326,1292,69,37,0.022125602777776976,0.0856008060041287,0.7965216999999711,46.45196734753283,890.0,2099.3718653541887,chat
whatsapp.csv_555.0,505.7857142857143,549.2129288990211,1292,70,28,0.011474000000000026,0.044665462218195354,0.3097980000000007,90.38147438007972,1095.25,7876.381209592987,chat
whatsapp.csv_560.0,538.5686274509804,544.3633071727727,1296,70,51,0.060529183999999535,0.3613454446560468,3.0264591999999766,16.85137536299858,1199.0,278.396235554128,chat
whatsapp.csv_565.0,578.4782608695652,547.9591781050531,1296,70,23,0.007462404545451177,0.02104273906757332,0.1641728999999259,140.09620345386102,1214.0,18771.085313772433,chat
whatsapp.csv_575.0,216.1818181818182,367.71451376898847,1276,68,11,0.014041919999999663,0.017954703905281626,0.14041919999999664,78.33686561382108,5.0,5578.388655195854,chat
whatsapp.csv_580.0,216.1818181818182,367.71451376898847,1276,68,11,0.014041919999999663,0.017954703905281626,0.14041919999999664,78.33686561382108,5.0,5578.388655195854,chat
google_drive.csv_0.0,651.3231357552581,569.5193146763171,1292,66,523,0.017855555938697313,0.11776279757969317,9.3206002,56.11226624654494,1197.0,3142.39019210546,download
google_drive.csv_5.0,861.698527949075,570.1068303348512,1292,83,10054,0.0009927769621008655,0.024240250892070155,9.9803868,1007.3757862771411,1190.0,1013683.980103068,download
google_drive.csv_10.0,868.2940608260399,568.1061600562649,1292,84,34163,0.00026807713248638837,0.00838170327445413,9.158050999999999,3730.378876466183,1188.0,13863604.246098055,download
google_drive.csv_15.0,862.7132743362832,569.3461525244751,1292,86,51980,0.00019237085938552108,0.0010838890164356298,9.9992449,5198.392530619987,1189.0,26883019.226056274,download
google_drive.csv_20.0,850.5892574518597,570.3511042690842,1292,83,60656,0.00016486028192234768,0.0010271358621169097,9.999600399999999,6065.842391061948,1187.0,36572000.96827189,download
google_drive.csv_25.0,843.501364002728,568.2616159426591,1294,83,64516,0.00015497731070293727,0.0009578272626930685,9.998361199999998,6452.657461504793,1172.0,41369205.76733139,download
google_drive.csv_30.0,848.287869354916,566.1953748605865,1294,83,62643,0.000159626479039622,0.000862375796644838,9.999321900000002,6264.724810989432,1164.0,39001818.68173866,download
google_drive.csv_35.0,854.8941775596124,566.6008713161282,1292,83,54393,0.00018381155684659513,0.0010055053650706235,9.997878200000002,5440.454355605171,1170.0,29437847.115378615,download
google_drive.csv_40.0,913.0793994819475,549.9224824923605,1292,83,37834,0.0002643083974308145,0.0018784860390195933,9.999579600000004,3783.5590608229154,1170.0,14260984.94228615,download
google_drive.csv_45.0,929.1164806828791,542.4960291665459,1292,83,44986,0.0002214569923307769,0.0020373465449777324,9.962242799999999,4515.649829373764,1159.0,20298979.061351918,download
google_drive.csv_50.0,887.0934625492773,556.3869842150323,1292,65,48704,0.00020520681888179369,0.0017845655013170618,9.994187699999998,4873.232468907904,1165.0,23632741.610263836,download
google_drive.csv_55.0,882.3141765978006,558.2392881503688,1292,65,21733,0.00030124236149457024,0.002274864934366128,6.5465990000000005,3319.738997302263,1167.0,10983698.5817817,download
google_drive.csv_60.0,918.9331903156605,551.8704134393903,1292,88,3263,0.0004822930104230543,0.0037940387302466457,1.5732398000000032,2074.0639793119863,1186.0,4291524.8815546455,download
twitch.csv_0.0,602.4314420803782,559.3662110068348,1514,66,846,0.01182690603550296,0.06150724817091829,9.9937356,84.65303004414085,1197.0,7157.059735683058,live
twitch.csv_5.0,668.8495762711865,566.0139673885903,1292,63,1416,0.007051466713780919,0.06337350474578442,9.9778254,141.91469014881739,1196.0,20122.702581709185,live
twitch.csv_10.0,659.2696390658174,564.4472679708623,1322,63,1413,0.007014880311614731,0.05857427479560996,9.905011,142.65506620840705,1196.0,20333.1670257035,live
twitch.csv_15.0,652.6356968215159,579.9661951884666,1514,63,818,0.010986623500611997,0.0463468172594137,8.976071400000002,91.13118240124514,1236.0,8293.984809014366,live
twitch.csv_20.0,680.6013986013986,598.2022485888572,1514,63,1144,0.007810928521434822,0.0454138845896464,8.927891300000002,128.13776081704754,1201.0,16402.833239635478,live
twitch.csv_25.0,651.4827586206897,607.0065531864424,1514,65,551,0.016967476363636363,0.1427304535250347,9.332111999999999,59.04344054164803,1198.0,3479.5958857083237,live
twitch.csv_30.0,404.0625,483.58839719665093,1292,66,32,0.08707930322580637,0.27163267790574624,2.6994583999999975,11.854229722525092,481.25,136.12986270599106,live
twitch.csv_40.0,648.7018348623853,579.1322748680587,1322,67,218,0.03479156866359447,0.17968943300894324,7.5497704,28.875050292920168,1207.0,829.9200490803039,live
twitch.csv_45.0,625.8928571428571,574.3426686430893,1494,67,280,0.031926365949820804,0.12430404064447258,8.907456100000005,31.434339597811753,1207.0,984.5578757488505,live
twitch.csv_50.0,529.9777777777778,546.2984733390111,1494,67,90,0.0798585988764045,0.25142601145418797,7.1074152999999995,12.66283117014423,1158.0,158.56367109659524,live
twitch.csv_55.0,730.9508196721312,569.5353021290457,1292,67,122,0.07929585454545456,0.3662323644885329,9.594798400000002,12.715222864922309,1190.0,160.34964990488604,live
twitch.csv_60.0,666.7219251336899,571.1604746916906,1322,63,187,0.041499103763440896,0.08637708545788514,7.718833300000007,24.22645919817958,1197.0,583.7686415502806,live
twitch.csv_65.0,757.8325791855203,585.2655683356288,1322,63,221,0.044949315909090876,0.15210852085691492,9.888849499999992,22.348403623697596,1198.0,497.1801236924743,live
twitch.csv_70.0,809.7540983606557,576.3730378501268,1292,83,183,0.048265038461538484,0.09467107709956356,8.784237000000005,20.832771246950635,1197.0,431.62380653120186,live
twitch.csv_75.0,683.7284768211921,582.6122545201034,1322,63,151,0.05781161400000002,0.1287835306618427,8.671742100000003,17.41287947204979,1203.0,301.19515910575825,live
twitch.csv_80.0,768.9710144927536,587.6899840918535,1322,63,138,0.06490851897810222,0.2682388816688611,8.892467100000005,15.518752945400262,1203.0,239.08285240313742,live
twitch.csv_85.0,692.3958333333334,588.0500959534631,1292,66,96,0.0837922694736842,0.21342744273569444,7.9602656,12.059899106884073,1202.5,143.92443668368327,live
twitch.csv_90.0,648.0162601626016,575.0489926916968,1292,66,123,0.0741816655737705,0.1612418194510379,9.0501632,13.59091513399449,1209.5,183.2087729508599,live
twitch.csv_95.0,688.5151515151515,574.3196038976472,1292,66,99,0.09796981224489798,0.22332588308835294,9.601041600000002,10.311381215138155,1205.0,105.24952257579288,live
twitch.csv_100.0,543.1700680272108,553.1573307139643,1322,66,147,0.06689075136986308,0.1919127710919283,9.76604970000001,15.052145393034385,1208.0,225.02244424438658,live
twitch.csv_105.0,542.3542857142858,550.6104973002914,1322,66,175,0.04825252183908052,0.1640219216658947,8.39593880000001,20.843410626099345,1204.0,431.95625586893993,live
twitch.csv_110.0,623.4090909090909,572.1703613239874,1322,66,66,0.06130481999999998,0.22196812560970897,3.984813299999999,16.562883887182373,1203.0,270.16821383650654,live
twitch.csv_125.0,545.4651162790698,554.3248724622983,1292,66,43,0.12867085952380955,0.32465323727584217,5.404176100000001,7.9568095495629745,1199.0,61.8379930080255,live
twitch.csv_130.0,463.3863636363636,517.2298403192742,1292,63,44,0.10970886279069736,0.2791556164236994,4.717481099999986,9.327011400215282,982.25,85.01524988696046,live
twitch.csv_150.0,555.1,570.3101397972471,1292,66,10,0.03412978888889029,0.07406817227347674,0.3071681000000126,32.55546393000962,1119.5,953.8444609642925,live
twitch.csv_155.0,477.75,546.5814627798362,1292,66,12,0.2710247545454546,0.7863577962294718,2.9812723000000005,4.025127124415974,950.5,14.851456206317497,live
twitch.csv_170.0,456.8333333333333,494.1871381736193,1292,66,24,0.026222056521739343,0.04872265602376289,0.6031073000000049,39.79391395196146,754.25,1517.5162330513092,live
twitch.csv_175.0,456.8333333333333,494.1871381736193,1292,66,24,0.026222056521739343,0.04872265602376289,0.6031073000000049,39.79391395196146,754.25,1517.5162330513092,live
twitch.csv_185.0,422.40909090909093,483.7564970983319,1292,83,22,0.22612900476190406,0.8141112770475425,4.748709099999985,4.632838006438438,574.75,20.487497938703125,live
twitch.csv_190.0,455.55,495.920035468368,1292,83,20,0.05033161052631535,0.11410452877747619,0.9563005999999916,20.913926018660007,670.5,415.5144309021206,live
twitch.csv_210.0,674.2105263157895,580.5121856264678,1322,66,19,0.1990313333333328,0.7003533461391985,3.5825639999999908,5.303464222830367,1208.5,26.64624452725628,live
twitch.csv_215.0,742.7647058823529,575.9178033161247,1322,66,17,0.031147237500000813,0.06538721820773147,0.498355800000013,34.11217447454119,1209.0,1095.1558486909669,live
twitch.csv_255.0,553.3611111111111,549.5399434547676,1322,66,72,0.06829634225352131,0.18388172891884808,4.849040300000013,14.84829895103157,1209.0,217.40668759721777,live
twitch.csv_260.0,523.1147540983607,534.8508125462128,1322,66,122,0.0820109404958677,0.2938501766743621,9.923323799999991,12.294267773465188,1197.75,149.90826578581755,live
twitch.csv_265.0,630.6165048543689,570.079552445538,1494,66,206,0.043683912682926866,0.20656402522950765,8.955202100000008,23.003389281409945,1208.0,526.5751461694058,live
twitch.csv_270.0,652.3526011560693,577.0123607726906,1494,66,173,0.05611513546511618,0.26376094712591847,9.651803299999983,17.924111652793453,1209.0,319.411012612152,live
twitch.csv_275.0,589.8222222222222,568.4509369125603,1292,67,45,0.208668084090909,0.8814260628985564,9.181395699999996,4.9012156180132855,1205.0,23.48798164982608,live
twitch.csv_280.0,572.6190476190476,562.9351196156017,1292,67,42,0.1203357853658531,0.6413423662679252,4.933767199999977,8.512764850356174,1198.5,70.74116883274966,live
twitch.csv_285.0,438.75,516.679462207147,1292,67,16,0.3066839866666669,1.0561035657775013,4.6002598000000035,3.47806443453476,782.25,11.340836968700515,live
twitch.csv_295.0,836.4094202898551,557.0443322834524,1292,67,276,0.030054229818181902,0.22297521247444468,8.264913200000024,33.39418011068758,1197.0,1111.0938200341352,live
twitch.csv_300.0,1120.3583441138421,412.26533709542576,1292,67,3092,0.0028949926560983513,0.040047227670911234,8.948422300000004,345.5357711492895,0.0,119315.14067263389,live
twitch.csv_305.0,1141.2554539057003,391.311942630272,1292,67,2842,0.003473993206617388,0.05225886605809343,9.8696147,287.9545034316284,0.0,82864.7672989058,live
twitch.csv_310.0,481.06976744186045,477.1886117743041,1322,67,43,0.17452354285714342,0.31645955516618207,7.329988800000024,5.866311828470987,571.0,33.613105254043504,live
twitch.csv_315.0,511.6136363636364,507.2630717840317,1322,67,44,0.20416758139534855,0.47293098591835364,8.779205999999988,5.0118427566228725,991.75,24.547571043352775,live
twitch.csv_320.0,456.3809523809524,477.39296858836065,1292,67,42,0.22196489024390176,0.3980429548576896,9.100560499999972,4.615100355631956,565.5,20.791934970552305,live
twitch.csv_325.0,459.76666666666665,462.7663954757402,1285,67,30,0.33095752068965506,0.5262959266093856,9.597768099999996,3.125726698897842,558.0,9.44446661286864,live
twitch.csv_330.0,516.1071428571429,499.7206137422608,1292,67,28,0.34690605185185136,0.719125110312751,9.366463399999986,2.9893887163430373,844.75,8.617261310731939,live
twitch.csv_335.0,478.53846153846155,510.76809271372167,1292,67,39,0.2241908552631577,0.5644455798300708,8.519252499999993,4.577866426661263,965.0,20.419414529077056,live
twitch.csv_340.0,466.5,510.31493544019787,1292,67,40,0.22929715641025694,0.6254220095279647,8.94258910000002,4.472977518334138,914.75,19.507254608411028,live
twitch.csv_345.0,481.675,499.75801259594243,1292,67,40,0.20232817948717988,0.47040326630645674,7.890799000000015,5.069195147411551,869.0,25.054197126978163,live
twitch.csv_350.0,468.7435897435897,481.07416639874594,1292,67,39,0.23936912894736911,0.46451085942372344,9.096026900000027,4.287586264723985,571.0,17.911952019989542,live
twitch.csv_355.0,464.16129032258067,457.9556817549193,1285,67,31,0.2978435566666652,0.5279416416022283,8.935306699999956,3.469382869644548,567.0,11.648300403647573,live
twitch.csv_360.0,432.72222222222223,433.446955799742,1285,67,36,0.26734588571428697,0.44655179686526003,9.357106000000044,3.847343398696117,531.0,14.390829309333212,live
twitch.csv_365.0,546.7662337662338,513.7457362123976,1494,67,77,0.12931367105263136,0.2810034072557885,9.827838999999983,7.834886184032943,1158.0,60.58775945727091,live
twitch.csv_370.0,585.6891891891892,529.9447871389734,1494,67,74,0.13283791232876713,0.3046122951414618,9.6971676,7.631094258905043,1190.25,57.44622659976779,live
twitch.csv_375.0,446.3414634146341,500.50132915688135,1292,67,41,0.21715552750000028,0.4921812427449807,8.686221100000012,4.72011931632732,564.0,21.736023184139903,live
twitch.csv_380.0,373.741935483871,462.7587541215499,1292,67,31,0.32956681000000004,1.0018368330033245,9.887004300000001,3.1354289994594216,290.0,9.513759852515394,live
twitch.csv_385.0,490.66037735849056,516.1569507649119,1322,65,53,0.0612416673076924,0.18424887015826077,3.184566700000005,16.64276650258257,1135.0,271.75117012730357,live
twitch.csv_390.0,519.4415584415584,538.8241704593657,1322,65,77,0.13124569605263198,0.797698506142532,9.97467290000003,7.71955138498825,1206.0,58.81711019904523,live
twitch.csv_395.0,597.5915492957746,576.6608068480672,1322,63,213,0.02551983773584898,0.044442551229348155,5.410205599999983,39.37003798894457,1208.0,1542.6624469165324,live
twitch.csv_400.0,572.945,556.0392036222916,1494,63,400,0.02314971629072686,0.0516202478454872,9.236736800000017,43.305337010360546,1202.0,1870.5830293340307,live
twitch.csv_405.0,536.5225563909775,533.00588819241,1494,67,266,0.037052381509433956,0.16517298974089994,9.818881099999999,27.09066311028046,1170.0,731.1252578494909,live
twitch.csv_410.0,465.17543859649123,506.7881750652485,1292,67,57,0.09037571607142882,0.3156572174127094,5.061040100000014,11.262507088216875,912.0,124.61735254150643,live
twitch.csv_415.0,396.88235294117646,452.48106070212225,1292,67,17,0.48470122499999846,1.7765800490391876,7.755219599999975,2.1920720336533157,688.0,4.522512834871601,live
instagram_reels.csv_0.0,892.2918157957528,552.7923462467992,1296,65,4191,0.0022942860381861573,0.03661847499668466,9.6130585,435.96946798981827,1198.0,189941.23640221407,short_video
instagram_reels.csv_5.0,913.5651743754638,545.4894196691106,1296,65,4043,0.001874144161306284,0.04368653224046828,7.5752907,533.7088911980632,1197.0,284622.8584506617,short_video
instagram_reels.csv_10.0,780.0925925925926,574.4875870523821,1296,70,270,0.025867326394052044,0.2271196513467333,6.9583108,38.80252086469032,1215.0,1500.0012089538295,short_video
instagram_reels.csv_15.0,745.9653979238755,571.2074371876989,1296,68,289,0.026991447916666664,0.19369696110447715,7.773536999999999,37.17741357634241,1209.0,1377.3264911400263,short_video
instagram_reels.csv_20.0,517.8952879581152,538.2605605865463,1296,67,191,0.03180294894736843,0.2591973171306543,6.042560300000002,31.60911774434422,1191.0,993.8739933413101,short_video
instagram_reels.csv_25.0,907.1994981179423,546.284682692845,1296,67,4782,0.001751679857770341,0.04969276081837659,8.3747814,570.9999785785453,1184.0,325786.8092949609,short_video
instagram_reels.csv_30.0,914.6759804535773,544.6409454027531,1296,63,7981,0.0011586791729323313,0.007920960193152032,9.246259800000004,863.1598259871517,1195.0,744309.155612919,short_video
instagram_reels.csv_35.0,918.8990886028375,543.6958322604644,1296,63,10643,0.0009396223454237929,0.006975369949570527,9.999461000000004,1064.3573688621814,1197.0,1131545.9111091394,short_video
instagram_reels.csv_40.0,921.3501383545927,535.8623846104804,1296,67,14817,0.000667972003239741,0.0009713927770272056,9.896673200000002,1497.1697762031788,1184.0,2238015.595499644,short_video
instagram_reels.csv_45.0,970.2829017006562,512.0547867630337,1296,67,14171,0.0007056720677487651,0.0010527789327648572,9.9993732,1417.1888293958264,803.0,2005440.562990616,short_video
instagram_reels.csv_50.0,987.72399826414,506.62392290590634,1296,67,13826,0.0007229633707052441,0.001160127735310881,9.9949686,1383.295991545186,4.0,1910726.4918633348,short_video
instagram_reels.csv_55.0,945.8612720898619,528.7734477491722,1296,69,13977,0.0007082661419576423,0.0018094944494278138,9.898727600000008,1411.9996594309746,1123.0,1990789.6005492671,short_video
instagram_reels.csv_60.0,934.1214522403112,536.7014240082939,1296,65,6941,0.0013691886599423628,0.01822905629943099,9.502169299999998,730.4647792373054,1195.0,533112.5563891563,short_video
instagram_reels.csv_65.0,583.9883720930233,555.5559039710589,1296,65,172,0.048057264327485326,0.18883932058548886,8.217792199999991,20.930195825589283,1196.0,435.51709822401875,short_video
instagram_reels.csv_70.0,652.7105263157895,561.8839885981436,1292,76,38,0.08767298648648636,0.30341076017217455,3.243900499999995,11.714292716438145,1184.0,133.61195476429862,short_video
instagram_reels.csv_75.0,494.42105263157896,526.141754852084,1292,70,19,0.13195451111111112,0.44069469606229805,2.3751812,7.999389688668805,958.0,60.62186885042673,short_video
instagram_reels.csv_80.0,494.42105263157896,526.141754852084,1292,70,19,0.13195451111111112,0.44069469606229805,2.3751812,7.999389688668805,958.0,60.62186885042673,short_video
instagram_reels.csv_85.0,490.15384615384613,567.4189877791434,1292,71,13,0.02410686666666706,0.052036138989120316,0.2892824000000047,44.9387864591824,1203.0,1864.071470136235,short_video
instagram_reels.csv_90.0,872.746632996633,593.5366554492347,1518,67,1188,0.005543254928390905,0.07740452700179389,6.579843600000004,180.55140398777857,1212.0,32565.494610144044,short_video
instagram_reels.csv_95.0,921.0295169946332,621.1579106083693,1518,67,2236,0.00340178147651007,0.032981017801706626,7.602981600000007,294.0951481455641,1418.0,86427.86795912363,short_video
instagram_reels.csv_100.0,951.3233695652174,650.744212746798,1518,67,1104,0.006282055213055298,0.08902372004498046,6.929106899999994,159.3278926033023,1421.0,25358.34672791694,short_video
instagram_reels.csv_105.0,532.6181818181818,553.3476735393832,1296,70,55,0.13389985555555536,0.8799497186542459,7.23059219999999,7.606569210195547,1214.0,56.807472802439165,short_video
instagram_reels.csv_110.0,900.3735632183908,549.5161371085925,1296,68,522,0.007913632437619958,0.10610239379238785,4.123002499999998,126.60676291125223,1197.0,15996.543605671812,short_video
instagram_reels.csv_115.0,900.079696394687,549.4505804933419,1296,68,527,0.014340451711026624,0.1782287694045275,7.543077600000004,69.86538226784248,1197.0,4871.569745908325,short_video
instagram_reels.csv_120.0,726.5294117647059,573.440506683895,1292,77,17,0.2114370562500003,0.7709700269027391,3.382992900000005,5.025136174539407,1202.0,23.766469781569416,short_video
